FirstName,LastName,Email,Phone
Samuel,Munoz,viroron@riherfuj.ee,(987) 662-3693
Evelyn,Simpson,vihen@ruwicu.am,(382) 284-3187
Grace,Berry,cim@jikfutvo.sv,(521) 347-9721
Alta,Harmon,patad@ewiwvu.gy,(987) 662-3693
Ophelia,Murray,kelergef@li.gw,(905) 747-7559
Bobby,Summers,uljac@olu.mw,(987) 662-3693
Justin,Andrews,zu@dug.cz,(669) 988-4529
Ruth,Keller,bi@fu.fi,(766) 303-6359
Larry,Jimenez,rejsatit@keheb.gl,(628) 756-1691
Viola,Woods,mauw@bi.by,(314) 503-5336
Frank,Bowen,wa@beter.gm,(275) 401-7383
Ronald,Rodriguez,mudif@uda.sz,(626) 836-3806
Joseph,Thomas,hifve@cubav.pr,(382) 284-3187
John,Flowers,tij@jewgi.th,(932) 652-4249
Hilda,Hawkins,secew@mak.gb,(217) 244-4891
